gill-spacing-0,gill-spacing-1,mapper
-0.7896134,-0.68307996,0
0.37688997,0.32098103,1
-0.5927179,-0.6741484,2
0.42205653,0.40871945,3
