has-ring-0,has-ring-1,mapper
-0.4652531,0.58093214,0
0.43399143,-0.5178931,1
