season-0,season-1,mapper
-0.8833314,0.5352894,0
-0.40785,0.34540066,1
-0.93045825,-0.4909303,2
0.81310475,-0.49184656,3
